<?xml version="1.0" encoding="utf-8" standalone="yes" ?>
<Window size="400,380" caption="0,0,0,50">
    <Font name="微软雅黑" size="12" bold="false" italic="false" />
    <Font name="微软雅黑" size="14" bold="false" italic="false" />
	<Font name="微软雅黑" size="12" bold="false" italic="false" underline="true" />
    <VerticalLayout width="400" height="380" bkimage="resource\about\bk.png">
        <Label text="关于" float="true" pos="17,7,0,0" width="47" height="30" textcolor="#00333333" disabledtextcolor="#FFA7A6AA" font="1" />
        <Label float="true" pos="35,107,0,0" width="59" height="64" bkimage="resource\logo-about.png" textcolor="#FF000000" disabledtextcolor="#FFA7A6AA" />
        <Label text="Sangfor WebShellKiller 2017" float="true" pos="111,102,0,0" width="226" height="28" textcolor="#00444444" disabledtextcolor="#FFA7A6AA" font="1" />
        <Label name="oldversion" text="版本：" float="true" pos="110,139,0,0" width="92" height="18" textcolor="#00444444" disabledtextcolor="#FFA7A6AA" font="0" align="center" />
        <Label name="newversion" text="正在检测版本……" float="true" pos="120,166,0,0" width="127" height="20" textcolor="#00444444" disabledtextcolor="#FFA7A6AA" font="0" align="left" />
        <Label text="© 2012-2017 深信服科技股份有限公司" float="true" pos="97,264,0,0" width="224" height="28" textcolor="#00666666" disabledtextcolor="#FFA7A6AA" font="0" align="center" />
        <Button name="closebtn" text="关闭" float="true" pos="305,343,0,0" width="66" height="25" textcolor="#00444444" disabledtextcolor="#FFA7A6AA" font="1" align="center" normalimage="resource\btn-gray-normal.png" hotimage="resource\btn-gray-hover.png" pushedimage="resource\btn-gray-active.png" />
        <Button name="closebtn" float="true" pos="371,15,0,0" width="12" height="12" textcolor="#FF000000" disabledtextcolor="#FFA7A6AA" align="center" normalimage="resource\about\close-normal.png" hotimage="resource\about\close-hover.png" pushedimage="resource\about\close-click.png" />
        <Button name="update" enabled="false" text="立即升级" underline="true" float="true" pos="230,165,0,0" width="76" height="21" textcolor="#00444444" disabledtextcolor="#FFA7A6AA" font="2" align="center" hottextcolor="#003241BB" />
    </VerticalLayout>
</Window>
