<?xml version="1.0" encoding="utf-8" standalone="yes" ?>
<Window size="400,210" caption="0,0,0,50">
    <Font name="微软雅黑" size="16" bold="false" italic="false" />
    <Font name="微软雅黑" size="14" bold="false" italic="false" />
    <Font name="微软雅黑" size="12" bold="false" italic="false" />
    <VerticalLayout width="400" height="210" bkimage="resource\canclescan\bk.png">
        <Label text="取消扫描" float="true" pos="19,7,0,0" width="70" height="27" textcolor="#003141B9" disabledtextcolor="#FFA7A6AA" font="1" />
        <Button name="closebtn" float="true" pos="373,14,0,0" width="12" height="12" textcolor="#FF000000" disabledtextcolor="#FFA7A6AA" align="center" normalimage="resource\canclescan\close-normal.png" hotimage="resource\canclescan\close-hover.png" pushedimage="resource\canclescan\close-click.png" />
        <Label float="true" pos="41,69,0,0" width="48" height="43" bkimage="resource\alert.png" textcolor="#FF000000" disabledtextcolor="#FFA7A6AA" />
        <Label text="您确认要放弃本次扫描结果吗？" float="true" pos="103,59,0,0" width="242" height="33" textcolor="#00444444" disabledtextcolor="#FFA7A6AA" font="0" />
        <Button name="continuescan" text="继续扫描" float="true" pos="216,172,0,0" width="66" height="25" textcolor="#00FFFFFF" disabledtextcolor="#FFA7A6AA" font="2" align="center" normalimage="resource\btn-small-green-normal.png" hotimage="resource\btn-small-green-hover.png" pushedimage="resource\btn-small-green-active.png" />
        <Button name="canclescan" text="取消扫描" float="true" pos="302,172,0,0" width="66" height="25" textcolor="#00666666" disabledtextcolor="#FFA7A6AA" font="2" align="center" normalimage="resource\btn-gray-normal.png" hotimage="resource\btn-gray-hover.png" pushedimage="resource\btn-gray-active.png" />
        <Label text="扫描操作尚未完成，取消后需要重新开始。" float="true" pos="103,103,0,0" width="267" height="23" textcolor="#00444444" disabledtextcolor="#FFA7A6AA" font="2" />
    </VerticalLayout>
</Window>
