<?xml version="1.0" encoding="utf-8" standalone="yes" ?>
<Window size="400,420" caption="0,0,0,50" >
<Font name="微软雅黑" size="16" bold="false"/> <!-- 0 -->
<Font name="微软雅黑" size="12" bold="true"/> <!-- 1 -->
<Font name="微软雅黑" size="14" /> <!-- 2 -->
<Font name="微软雅黑" size="12" bold="false"/> <!-- 3 -->
    <VerticalLayout width="400" height="420" bkimage="resource\feedback\bk.png">
        <Button name="closebtn" float="true" pos="372,14,0,0" width="12" height="12" textcolor="#FF000000" disabledtextcolor="#FFA7A6AA" align="center" normalimage="resource\feedback\close-normal.png" hotimage="resource\feedback\close-hover.png" pushedimage="resource\feedback\close-click.png" />
		<Label text="反馈" float="true" pos="25,6,0,0" width="38" height="29" textcolor="#00333333" disabledtextcolor="#FFA7A6AA" font="0" />
        <Label text="请描述问题的详细内容" float="true" pos="25,59,0,0" width="157" height="18" textcolor="#00666666" disabledtextcolor="#FFA7A6AA" font="1" />
        <RichEdit name="question" font="3" float="true" pos="25,84,0,0" width="341" height="65" bkimage="resource\feedback\edit-1.png" textpadding="4,3,4,3" textcolor="#00666666" disabledtextcolor="#FFA7A6AA" />
        <Label text="请提供联系方式，我们会尽快告知您处理结果" float="true" pos="25,160,0,0" width="265" height="18" textcolor="#00666666" disabledtextcolor="#FFA7A6AA" font="1" />
        <Label text="Email：" float="true" pos="25,195,0,0" width="42" height="18" textcolor="#00666666" disabledtextcolor="#FFA7A6AA" font="1" />
        <RichEdit name="email" float="true" pos="78,188,0,0" width="273" height="29" bkimage="resource\feedback\edit-2.png" bkcolor="#FFFFFFFF" textpadding="20,0,0,0" textcolor="#00666666" disabledtextcolor="#FFA7A6AA" font="3" />
        <Label text="请上传文件，我们会尽快处理" float="true" pos="25,231,0,0" width="175" height="19" textcolor="#00666666" disabledtextcolor="#FFA7A6AA" font="1" />
        <Button name="upload" text="上传" float="true" pos="156,281,0,0" width="66" height="25" textcolor="#FF000000" disabledtextcolor="#FFA7A6AA" font="3" align="center" normalimage="resource\btn-gray-normal.png" hotimage="resource\btn-gray-hover.png" pushedimage="resource\btn-gray-active.png" />
		<Label name="demand" text="最多上传3个文件，每个文件的大小不能超过10M" float="true" pos="68,314,0,0" width="270" height="24" textcolor="#00999999" disabledtextcolor="#FFA7A6AA" font="3" align="center" />
        <Button name="submit" text="提交" float="true" pos="188,381,0,0" width="66" height="25" textcolor="#00FFFFFF" disabledtextcolor="#FFA7A6AA" font="2" align="center" normalimage="resource\btn-small-green-normal.png" hotimage="resource\btn-small-green-hover.png" pushedimage="resource\btn-small-green-active.png" />
        <Button name="closebtn" text="取消" float="true" pos="284,381,0,0" width="66" height="25" textcolor="#00666666" disabledtextcolor="#FFA7A6AA" font="2" align="center" normalimage="resource\btn-gray-normal.png" hotimage="resource\btn-gray-hover.png" pushedimage="resource\btn-gray-active.png" />
		<Label name="label1" visible="false" endellipsis="true" text="" float="true" pos="28,265,0,0" width="270" height="24" textcolor="#00999999" disabledtextcolor="#FFA7A6AA" font="3" align="left" />
        <Button name="button1" visible="false" float="true" pos="348,265,0,0" width="16" height="16" textcolor="#FF000000" disabledtextcolor="#FFA7A6AA" align="center" bkimage="resource\feedback\close-normal-red.png" />
        <Label name="label2" visible="false" endellipsis="true"  text="最多上传3个文件，每个文件的大小不能超过10M" float="true" pos="27,290,0,0" width="270" height="24" textcolor="#00999999" disabledtextcolor="#FFA7A6AA" font="3" align="left" />
        <Button name="button3" visible="false" float="true" pos="348,315,0,0" width="16" height="16" textcolor="#FF000000" disabledtextcolor="#FFA7A6AA" align="center" bkimage="resource\feedback\close-normal-red.png" />
		<Label name="label3" visible="false" endellipsis="true" text="最多上传3个文件，每个文件的大小不能超过10M" float="true" pos="27,315,0,0" width="270" height="24" textcolor="#00999999" disabledtextcolor="#FFA7A6AA" font="3" align="left" />
        <Button name="button2" visible="false" float="true" pos="348,290,0,0" width="16" height="16" textcolor="#FF000000" disabledtextcolor="#FFA7A6AA" align="center" bkimage="resource\feedback\close-normal-red.png"/>
       </VerticalLayout>
</Window>
