<?xml version="1.0" encoding="utf-8" standalone="yes" ?>
<Window size="400,210" caption="0,0,0,50">
    <Font name="微软雅黑" size="16" bold="false" italic="false" />
    <Font name="微软雅黑" size="14" bold="false" italic="false" />
    <Font name="微软雅黑" size="12" bold="false" italic="false" />
    <VerticalLayout width="400" height="210" bkimage="resource\canclescan\bk.png">
        <Label text="检查更新" float="true" pos="19,7,0,0" width="70" height="27" textcolor="#003141B9" disabledtextcolor="#FFA7A6AA" font="1" />
        <Button name="closebtn" float="true" pos="373,14,0,0" width="12" height="12" textcolor="#FF000000" disabledtextcolor="#FFA7A6AA" align="center" normalimage="resource\canclescan\close-normal.png" hotimage="resource\canclescan\close-hover.png" pushedimage="resource\canclescan\close-click.png" />
        <Label text="Sangfor WebShell" font="0" float="true" pos="34,51,0,0" width="200" height="31" textcolor="#00333333" disabledtextcolor="#FFA7A6AA" />
        <Button name="updatenow" enabled="false" text="立即升级" float="true" pos="310,175,0,0" width="66" height="25" textcolor="#00FFFFFF" disabledtextcolor="#FFA7A6AA" font="2" align="center" normalimage="resource\btn-small-green-normal.png" hotimage="resource\btn-small-green-hover.png" pushedimage="resource\btn-small-green-active.png" />
        <Label name="version" text="V2.0.1" float="true" pos="33,90,0,0" width="267" height="23" textcolor="#00666666" disabledtextcolor="#FFA7A6AA" font="2" />
        <Label name="newversion" text="正在检测版本……" float="true" pos="31,121,0,0" width="267" height="23" textcolor="#00666666" disabledtextcolor="#FFA7A6AA" font="2" />
    </VerticalLayout>
</Window>
