<?xml version="1.0" encoding="utf-8" standalone="yes" ?>
<Window size="740,520" caption="0,0,0,50">
    <Font name="微软雅黑" size="12" bold="false" italic="false" />
    <Font name="微软雅黑" size="24" bold="false" italic="false" />
    <Font name="微软雅黑" size="14" bold="false" italic="false" />
    <VerticalLayout width="740" height="520" bkimage="resource\bg-dlg.png">
        <Label float="true" pos="17,14,0,0" width="15" height="16" bkimage="resource\logo-title-small.png" textcolor="#FF000000" disabledtextcolor="#FFA7A6AA" />
        <Label text="Sangfor WebShellKiller 2017" float="true" pos="38,8,0,0" width="219" height="28" textcolor="#00FFFFFF" disabledtextcolor="#FFA7A6AA" font="0" />
        <Button name="feedback" float="true" pos="571,12,0,0" width="24" height="24" textcolor="#FF000000" disabledtextcolor="#FFA7A6AA" align="center" normalimage="resource\window-button-comment.png" hotimage="resource\window-button-comment-hover.png" />
        <Button name="content" float="true" pos="615,12,0,0" width="24" height="24" textcolor="#FF000000" disabledtextcolor="#FFA7A6AA" align="center" normalimage="resource\window-button-menu.png" hotimage="resource\window-button-menu-hover.png" />
        <Button name="minbtn" float="true" pos="659,12,0,0" width="24" height="24" textcolor="#FF000000" disabledtextcolor="#FFA7A6AA" align="center" normalimage="resource\window-button-min.png" hotimage="resource\window-button-min-hover.png" />
        <Button name="closebtn" float="true" pos="700,13,0,0" width="24" height="24" textcolor="#FF000000" disabledtextcolor="#FFA7A6AA" align="center" normalimage="resource\window-button-close.png" hotimage="resource\window-button-close-hover.png" />
        <Label text="一键扫描，查杀WEB后门" float="true" pos="150,120,0,0" width="340" height="56" textcolor="#00FFFFFF" disabledtextcolor="#FFA7A6AA" font="1" />
        <Button name="browse" text="请选择要扫描的文件夹" endellipsis="true" float="true" pos="151,192,0,0" width="339" height="54" textcolor="#FFA7A6AA" disabledtextcolor="#FFA7A6AA" align="left" font="2" textpadding="50,20,0,0" normalimage="resource\Combox-normal.png" hotimage="resource\Combox-hover.png" pushedimage="resource\Combox-active.png" />
        <Button name="scan" float="true" pos="483,177,0,0" width="211" height="85" textcolor="#FF000000" disabledtextcolor="#FFA7A6AA" align="center" normalimage="resource\StartButton-normal.png" hotimage="resource\StartButton-hover.png" pushedimage="resource\StartButton-active.png" />
        <Label text="扫描策略：" float="true" pos="149,279,0,0" width="78" height="37" textcolor="#00FFFFFF" disabledtextcolor="#FFA7A6AA" font="2" />
        <Option name="opt1" float="true" pos="240,288,0,0" width="16" height="16" textcolor="#FF000000" disabledtextcolor="#FFA7A6AA" align="center" group="strategy" selected="true" foreimage="resource\Unchecked-normal.png" selectedimage="resource\checked-normal.png" />
        <Option name="opt2" float="true" pos="240,318,0,0" width="16" height="16" textcolor="#FF000000" disabledtextcolor="#FFA7A6AA" align="center" group="strategy" foreimage="resource\Unchecked-normal.png" selectedimage="resource\checked-normal.png" />
        <Label text="准确度优先，降低误报率" float="true" pos="265,284,0,0" width="155" height="26" textcolor="#00FFFFFF" disabledtextcolor="#FFA7A6AA" font="2" />
        <Label text="检出数量优先（可能存在误报）" float="true" pos="264,314,0,0" width="200" height="26" textcolor="#00FFFFFF" disabledtextcolor="#FFA7A6AA" font="2" />
    </VerticalLayout>
</Window>
